Match,Match No,Date,Day,Start,Home,Away,Venue
1,1,22-Mar-25,Sat,7:30 pm,Kolkata Knight Riders,Royal Challengers Bengaluru,Kolkata
2,2,23-Mar-25,Sun,3:30 pm,Sunrisers Hyderabad,Rajasthan Royals,Hyderabad
3,2,23-Mar-25,Sun,7:30 pm,Chennai Super Kings,Mumbai Indians,Chennai
4,3,24-Mar-25,Mon,7:30 pm,Delhi Capitals,Lucknow Super Giants,Visakhapatnam
5,4,25-Mar-25,Tue,7:30 pm,Gujarat Titans,Punjab Kings,Ahmedabad
6,5,26-Mar-25,Wed,7:30 pm,Rajasthan Royals,Kolkata Knight Riders,Guwahati
7,6,27-Mar-25,Thu,7:30 pm,Sunrisers Hyderabad,Lucknow Super Giants,Hyderabad
8,7,28-Mar-25,Fri,7:30 pm,Chennai Super Kings,Royal Challengers Bengaluru,Chennai
9,8,29-Mar-25,Sat,7:30 pm,Gujarat Titans,Mumbai Indians,Ahmedabad
10,9,30-Mar-25,Sun,3:30 pm,Delhi Capitals,Sunrisers Hyderabad,Visakhapatnam
11,9,30-Mar-25,Sun,7:30 pm,Rajasthan Royals,Chennai Super Kings,Guwahati
12,10,31-Mar-25,Mon,7:30 pm,Mumbai Indians,Kolkata Knight Riders,Mumbai
13,11,1-Apr-25,Tue,7:30 pm,Lucknow Super Giants,Punjab Kings,Lucknow
14,12,2-Apr-25,Wed,7:30 pm,Royal Challengers Bengaluru,Gujarat Titans,Bengaluru
15,13,3-Apr-25,Thu,7:30 pm,Kolkata Knight Riders,Sunrisers Hyderabad,Kolkata
16,14,4-Apr-25,Fri,7:30 pm,Lucknow Super Giants,Mumbai Indians,Lucknow
17,15,5-Apr-25,Sat,3:30 pm,Chennai Super Kings,Delhi Capitals,Chennai
18,15,5-Apr-25,Sat,7:30 pm,Punjab Kings,Rajasthan Royals,New Chandigarh
19,16,6-Apr-25,Sun,3:30 pm,Kolkata Knight Riders,Lucknow Super Giants,Kolkata
20,16,6-Apr-25,Sun,7:30 pm,Sunrisers Hyderabad,Gujarat Titans,Hyderabad
21,17,7-Apr-25,Mon,7:30 pm,Mumbai Indians,Royal Challengers Bengaluru,Mumbai
22,18,8-Apr-25,Tue,7:30 pm,Punjab Kings,Chennai Super Kings,New Chandigarh
23,19,9-Apr-25,Wed,7:30 pm,Gujarat Titans,Rajasthan Royals,Ahmedabad
24,20,10-Apr-25,Thu,7:30 pm,Royal Challengers Bengaluru,Delhi Capitals,Bengaluru
25,21,11-Apr-25,Fri,7:30 pm,Chennai Super Kings,Kolkata Knight Riders,Chennai
26,22,12-Apr-25,Sat,3:30 pm,Lucknow Super Giants,Gujarat Titans,Lucknow
27,22,12-Apr-25,Sat,7:30 pm,Sunrisers Hyderabad,Punjab Kings,Hyderabad
28,23,13-Apr-25,Sun,3:30 pm,Rajasthan Royals,Royal Challengers Bengaluru,Jaipur
29,23,13-Apr-25,Sun,7:30 pm,Delhi Capitals,Mumbai Indians,Delhi
30,24,14-Apr-25,Mon,7:30 pm,Lucknow Super Giants,Chennai Super Kings,Lucknow
31,25,15-Apr-25,Tue,7:30 pm,Punjab Kings,Kolkata Knight Riders,New Chandigarh
32,26,16-Apr-25,Wed,7:30 pm,Delhi Capitals,Rajasthan Royals,Delhi
33,27,17-Apr-25,Thu,7:30 pm,Mumbai Indians,Sunrisers Hyderabad,Mumbai
34,28,18-Apr-25,Fri,7:30 pm,Royal Challengers Bengaluru,Punjab Kings,Bengaluru
35,29,19-Apr-25,Sat,3:30 pm,Gujarat Titans,Delhi Capitals,Ahmedabad
36,29,19-Apr-25,Sat,7:30 pm,Rajasthan Royals,Lucknow Super Giants,Jaipur
37,30,20-Apr-25,Sun,3:30 pm,Punjab Kings,Royal Challengers Bengaluru,New Chandigarh
38,30,20-Apr-25,Sun,7:30 pm,Mumbai Indians,Chennai Super Kings,Mumbai
39,31,21-Apr-25,Mon,7:30 pm,Kolkata Knight Riders,Gujarat Titans,Kolkata
40,32,22-Apr-25,Tue,7:30 pm,Lucknow Super Giants,Delhi Capitals,Lucknow
41,33,23-Apr-25,Wed,7:30 pm,Sunrisers Hyderabad,Mumbai Indians,Hyderabad
42,34,24-Apr-25,Thu,7:30 pm,Royal Challengers Bengaluru,Rajasthan Royals,Bengaluru
43,35,25-Apr-25,Fri,7:30 pm,Chennai Super Kings,Sunrisers Hyderabad,Chennai
44,36,26-Apr-25,Sat,7:30 pm,Kolkata Knight Riders,Punjab Kings,Kolkata
45,37,27-Apr-25,Sun,3:30 pm,Mumbai Indians,Lucknow Super Giants,Mumbai
46,37,27-Apr-25,Sun,7:30 pm,Delhi Capitals,Royal Challengers Bengaluru,Delhi
47,38,28-Apr-25,Mon,7:30 pm,Rajasthan Royals,Gujarat Titans,Jaipur
48,39,29-Apr-25,Tue,7:30 pm,Delhi Capitals,Kolkata Knight Riders,Delhi
49,40,30-Apr-25,Wed,7:30 pm,Chennai Super Kings,Punjab Kings,Chennai
50,41,1-May-25,Thu,7:30 pm,Rajasthan Royals,Mumbai Indians,Jaipur
51,42,2-May-25,Fri,7:30 pm,Gujarat Titans,Sunrisers Hyderabad,Ahmedabad
52,43,3-May-25,Sat,7:30 pm,Royal Challengers Bengaluru,Chennai Super Kings,Bengaluru
53,44,4-May-25,Sun,3:30 pm,Kolkata Knight Riders,Rajasthan Royals,Kolkata
54,44,4-May-25,Sun,7:30 pm,Punjab Kings,Lucknow Super Giants,Dharamsala
55,45,5-May-25,Mon,7:30 pm,Sunrisers Hyderabad,Delhi Capitals,Hyderabad
56,46,6-May-25,Tue,7:30 pm,Mumbai Indians,Gujarat Titans,Mumbai
57,47,7-May-25,Wed,7:30 pm,Kolkata Knight Riders,Chennai Super Kings,Kolkata
58,48,8-May-25,Thu,7:30 pm,Punjab Kings,Delhi Capitals,Dharamsala
59,49,9-May-25,Fri,7:30 pm,Lucknow Super Giants,Royal Challengers Bengaluru,Lucknow
60,50,10-May-25,Sat,7:30 pm,Sunrisers Hyderabad,Kolkata Knight Riders,Hyderabad
61,51,11-May-25,Sun,3:30 pm,Punjab Kings,Mumbai Indians,Dharamsala
62,51,11-May-25,Sun,7:30 pm,Delhi Capitals,Gujarat Titans,Delhi
63,52,12-May-25,Mon,7:30 pm,Chennai Super Kings,Rajasthan Royals,Chennai
64,53,13-May-25,Tue,7:30 pm,Royal Challengers Bengaluru,Sunrisers Hyderabad,Bengaluru
65,54,14-May-25,Wed,7:30 pm,Gujarat Titans,Lucknow Super Giants,Ahmedabad
66,55,15-May-25,Thu,7:30 pm,Mumbai Indians,Delhi Capitals,Mumbai
67,56,16-May-25,Fri,7:30 pm,Rajasthan Royals,Punjab Kings,Jaipur
68,57,17-May-25,Sat,7:30 pm,Royal Challengers Bengaluru,Kolkata Knight Riders,Bengaluru
69,58,18-May-25,Sun,3:30 pm,Gujarat Titans,Chennai Super Kings,Ahmedabad
70,58,18-May-25,Sun,7:30 pm,Lucknow Super Giants,Sunrisers Hyderabad,Lucknow
,,,,,,,
,,,,,,,
,,,,,,,
,,,,,,,
